0x0000000000000000000000000000000000000001,0
0x0000000000000000000000000000000000000002,1
0x0000000000000000000000000000000000000003,2
0x0000000000000000000000000000000000000004,3
0x0000000000000000000000000000000000000005,4
0x0000000000000000000000000000000000000006,5
0x0000000000000000000000000000000000000007,6
0x0000000000000000000000000000000000000008,7
0x0000000000000000000000000000000000000009,0
0x0000000000000000000000000000000000000010,1
0x0000000000000000000000000000000000000011,2
0x0000000000000000000000000000000000000012,3
0x0000000000000000000000000000000000000013,4
0x0000000000000000000000000000000000000014,5